{"iter": 2000, "train/loss": 0.24088792502880096, "val/loss": 0.8355591893196106, "lr": 0.0001, "mfu": 0.0151894785659221, "_timestamp": 1700926126.537798, "_runtime": 1441.2816739082336, "_step": 8, "_wandb": {"runtime": 1441}}