{"iter": 0, "train/loss": 10.757216453552246, "val/loss": 10.753281593322754, "lr": 0.0, "mfu": -100.0, "_timestamp": 1701160806.646515, "_runtime": 11.08475399017334, "_step": 0}