{"iter": 2000, "train/loss": 0.07789372652769089, "val/loss": 1.150864839553833, "lr": 0.0001, "mfu": 0.013653268903173837, "_timestamp": 1700920262.2659352, "_runtime": 1517.614577293396, "_step": 8, "_wandb": {"runtime": 1517}}