{"iter": 2000, "train/loss": 0.8181559443473816, "val/loss": 0.976919949054718, "lr": 0.0001, "mfu": 0.014490314658959329, "_timestamp": 1700928541.6799738, "_runtime": 1470.6105637550354, "_step": 8, "_wandb": {"runtime": 1470}}