{"iter": 2000, "train/loss": 0.8580875396728516, "val/loss": 0.8563057780265808, "lr": 0.0001, "mfu": 0.014929893851554191, "_timestamp": 1700671235.021961, "_runtime": 1540.273920059204, "_step": 8, "_wandb": {"runtime": 1539}}