{"iter": 2000, "train/loss": 0.9541281461715698, "val/loss": 0.9490545988082886, "lr": 0.0001, "mfu": -100.0, "_timestamp": 1700476794.734842, "_runtime": 10.583251953125, "_step": 0, "_wandb": {"runtime": 10}}