{"iter": 0, "train/loss": 4.3868842124938965, "val/loss": 4.376431941986084, "lr": 0.0, "mfu": -100.0, "_timestamp": 1700671960.81439, "_runtime": 130.31888484954834, "_step": 0, "_wandb": {"runtime": 336}}