{"iter": 0, "train/loss": 10.75915241241455, "val/loss": 10.743021011352539, "lr": 0.0, "mfu": -100.0, "_timestamp": 1701270229.159127, "_runtime": 10.205732107162476, "_step": 0, "_wandb": {"runtime": 39}}