{"iter": 2000, "train/loss": 0.07984988391399384, "val/loss": 1.0250821113586426, "lr": 0.0001, "mfu": 0.01661622065051308, "_timestamp": 1700922739.481259, "_runtime": 1483.828774213791, "_step": 8, "_wandb": {"runtime": 1484}}