{"iter": 2000, "train/loss": 0.07772480696439743, "val/loss": 0.9384735226631165, "lr": 0.0001, "mfu": 0.010415205751090421, "_timestamp": 1701272829.3220894, "_runtime": 2451.490404367447, "_step": 8, "_wandb": {"runtime": 2451}}