{"iter": 0, "train/loss": 10.75915241241455, "val/loss": 10.743021011352539, "lr": 0.0, "mfu": -100.0, "_timestamp": 1701270028.1059568, "_runtime": 11.57531189918518, "_step": 0, "_wandb": {"runtime": 88}}