{"iter": 2000, "train/loss": 0.9041223526000977, "val/loss": 0.906481146812439, "lr": 0.0001, "mfu": 0.006878071567461769, "_timestamp": 1700560853.368459, "_runtime": 83831.8985259533, "_step": 8, "_wandb": {"runtime": 83863}}