{"iter": 2000, "train/loss": 0.9565153121948242, "val/loss": 0.9541204571723938, "lr": 0.0001, "mfu": 0.017295653349361163, "_timestamp": 1700473229.503495, "_runtime": 1381.5693669319153, "_step": 8, "_wandb": {"runtime": 1381}}