{"iter": 2000, "train/loss": 0.9541281461715698, "val/loss": 0.9490545988082886, "lr": 0.00010006087034143033, "mfu": -100.0, "_timestamp": 1700476927.546766, "_runtime": 11.813332080841064, "_step": 0, "_wandb": {"runtime": 17}}